{
  "ABIRoot": {
    "kind": "Root",
    "name": "TopLevel",
    "printedName": "TopLevel",
    "children": [
      {
        "kind": "Import",
        "name": "UIKit",
        "printedName": "UIKit",
        "declKind": "Import",
        "moduleName": "TiRootcheck",
        "declAttributes": [
          "RawDocComment"
        ]
      },
      {
        "kind": "Import",
        "name": "UIKit",
        "printedName": "UIKit",
        "declKind": "Import",
        "moduleName": "TiRootcheck",
        "declAttributes": [
          "RawDocComment"
        ]
      },
      {
        "kind": "Import",
        "name": "TitaniumKit",
        "printedName": "TitaniumKit",
        "declKind": "Import",
        "moduleName": "TiRootcheck"
      }
    ],
    "json_format_version": 8
  },
  "ConstValues": [
    {
      "filePath": "\/Users\/hans\/Documents\/dev\/ti.rootcheck\/ios\/Classes\/TiRootcheckModule.swift",
      "kind": "StringLiteral",
      "offset": 843,
      "length": 13,
      "value": "\"Hello World\""
    }
  ]
}